Column 1,Mitra 1,Mitra 2,Judul Kerjasama,Dasar Hukum Mitra 1,Dasar Hukum Mitra 2,Dasar Hukum RS,Tanggal Mulai ,Tanggal Selesai,Reminder 3 Bulan,Keterangan Kerjasama,ID Acara Kalender,Email Mitra,URL,
1,RS Kanker Dharmais ,PT Sansico Natura Resources,Pinjam Pakai Alat Slide Scanner,HK.03.01/D.XII/48/2024,003/PKS/PPA/SNR-RSO-RSUDMD/1/2024,100.3.7.1/2091/102.9/2024,1 Januari 2024,30 Juni 2024,30 Maret 2024,Tidak Diperpanjang,b2ppeo97rdjj7pss6bdnfrpvs0@google.com,dharmais@dharmais.co.id,info@sansicomedica.com,
2,PT Samator Indo Gas Tbk,,Penempatan Tangki Oksigen Cair di lingkungan RSUD dr. Soedono Provinsi Jawa Timur,DistributionAgreement_LGL_2882,,100.3.7.1/47.188/102.9/2024,1 Januari 2026,31 Desember 2028,30 September 2028,Berjalan,ju1pqj9c2cdusje487cm6cb9h0@google.com,whanyta.ananto@samator.com, belum ada scan PKS,
3,"Dinas Kesehatan, Pengendalian Penduduk dan Keluarga Berencana Kota Madiun",,(,440/04/401.103/2025,,100.3.7.1/          /102.9/2025,1 Januari 2025,31 Desember 2025,30 September 2025,Tidak Diperpanjang,vs0vjpgh1khj9kr70a0rit0i7k@google.com,dinkes.madiunkota@gmail.com,,
4,PT Nusa Triutama Surabaya,,Penggunaan Alat Kesehatan Hematology Analyser Type Cell Dyn Ruby Merk Abbott-USA di Laboratorium Terpadu RSUD dr. Soedono Provinsi Jawa Timur,S-2041/NTU/X/2024,,100.3.7.1/36669/102.9/2024,1 Januari 2025,31 Desember 2025,30 September 2025,Proses Oleh TU,mohkgav7igqvakq3gia4ldn1l0@google.com,nusatriutama@gmail.com,,
5,PT Wynacom Unitama Sejahtera,,Sewa Pakai Laboratory Information System (LIS) di Laboratorium Terpadu RSUD dr. Soedono Provinsi Jawa Timur,C-0488/04-PWUS/2023,,445/18408/102.9/2023,1 Mei 2023,30 April 2026,30 Januari 2026,Berjalan,droflc5g7p503tuse9ej4gqkm4@google.com,marketing@wynacom.com,https://apprssm.rssoedono.jatimprov.go.id/sipedas/assets/file_surat_kerjasama/26-04-2023-1690172543-PKS_Wynacom_LIS_2023.pdf,
6,PT IFORTE SOLUSI INFOTEK,,Penyediaan Jasa Layanan Internet,051.A/BPC15729/ISI-RSUDS/MWIFO/IV/2025,,100.3.7.1/21328/102.9/2025,10 Mei 2025,9 Mei 2026,9 Februari 2026,Berjalan,vl8huotr074leieeik2io6frpc@google.com,lidyawati@iforte.co.id,belum ada scan PKS,
7,Dinas Kependudukan dan Catatan Sipil Kabupaten Madiun,,Penerbitan Dokumen Kependudukan,400.12.1/3585/402.101/2024,,100.3.7.1/19.560/102.9/2024,1 Juli 2024,30 Juni 2026,30 Maret 2026,Berjalan,426fieihp6a2j5v91es22c73e8@google.com,disdukcapilmadiun@gmail.com,belum ada scan PKS,
8,CV Behzad Ortomedika,,Pembuatan Alat Bantu Rehabilitasi Medik,09/BOZ-VIII/2023,,100.3.7.1/34323/102.9/2025,1 September 2023,30/9/2026,30 Juni 2026,Berjalan,9gh9tmg96ql370ua361oeub66g@google.com,amalyaelfatihbaddarodin@gmail.com,belum ada scan PKS,
9,PT Beka Bersama Koewatjie Abadi,,Pengelolaan Limbah Kering Berbahan Kertas,400.7.11.5/35842/102.9/2024,,04/PKS/PTBEKA/I/2024,9 Desember 2024,9 November 2026,9 Agustus 2026,Berjalan,qk98egd6dk93nvsq1f490b7nq4@google.com,pr.ptbeka@gmail.com / eppid@telkom.co.id,belum ada scan PKS,
10,Laboratorium Sarana Medika,,Rujukan Pemeriksaan Laboratorium (Penunjang diagnostic),001/PKS/SM/MDN/I/24,,100.3.7.1/35.587/102.9/2023,1 Januari 2024,31 Desember 2026,30 September 2026,Berjalan,nc2cojia39bm1squmoc7sbbdio@google.com,tidak ada,https://apprssm.rssoedono.jatimprov.go.id/sipedas/assets/file_surat_kerjasama/11-09-2023-1700208540-scan_PKS_Prodia_2024-2026.pdf,
11,Unit Donor Darah PMI Kota Madiun,,Pelayanan Transfusi Darah di Bank Darah RSUD dr. Soedono Provinsi Jawa Timur,217A/UDD/XI/2024,,100.3.7.1/42575/102.9/2024,1 Januari 2025,31 Desember 2026,30 September 2026,Berjalan,osh5cu2i44thpb1bln5m3cetc4@google.com,tidak ada,belum ada scan PKS,
12,PT. Dexa Arfindo Pratama,,Penempatan Alat Kesehatan Blood Gas Analyser Instrumentation Laboratory Type Gem Premier 3500 dan ILYTE (Elektrolit) di LaboratoriumTerpadu RSUD dr. Soedono Madiun,I.108/DAP-P.MOU.TS/I-25,,100.3.7/44457/102.9/2025,1 Januari 2026,31 Desember 2026,30 September 2026,Berjalan,gv0b07948pfmsvb7o0nak7cgq0@google.com,ahmad.khoirul04@gmail.com,belum ada scan PKS,
13,Andriyanto Law Firm and Partners,,Jasa Konsultasi dan Pelayanan Hukum,07.002/ALFP/III/2026,,100.3.7.1/7970/102.9/2026,2 Maret 2026,31 Desember 2026,30 September 2026,Berjalan,3e6la2hk6u51vj71p956ap9sak@google.com,tidak ada,belum ada scan PKS,
14,Sekolah Luar Biasa B-C Dharma Wanita Kota Madiun,,Pelayanan Penerjemah Bahasa Isyarat,100.3.7.1/25514/102.9/2024,,30/I.04.3/SLB.1/X/2024,1 September 2024,31 Agustus 2027,31 Mei 2027,Berjalan,2gjrrm8sd56mha7cjtgp0m76p4@google.com,slbbc.dwmadiun@gmail.com,https://apprssm.rssoedono.jatimprov.go.id/sipedas/assets/file_surat_kerjasama/19-07-2024-1728262798-PKS_SLB_Dharma_Wanita_Kota_Madiun_ttg_Bahasa_Isyarat.pdf,
15,Kantor Imigrasi Kelas II Non TPI Madiun,,Penyelenggaraan Kegiatan Pelayanan Keimigrasian dan Pelaporan Warga Negara Asing pada RSUD dr. Soedono Provinsi Jawa Timur,W.15.IMI.IMI.7-UM.01.01-2764,,100.3.7.1/33573/102.9/2024,13 September 2024,12 September 2027,12 Juni 2027,Berjalan,sbkil29bbtqd318tokl9dhuaak@google.com,kanim_madiun@imigrasi.go.id,belum ada scan PKS,
16,PT Nusa Karya Mulya Medika,,Layanan Sterilisasi Produk Jadi,002/NKMM/IX/2024,,100.3.7.1/36276/102.9/2024,1 Oktober 2024,30 September 2027,30 Juni 2027,Berjalan,goqrj2tsvtkvsnnc8qg6r8rb1s@google.com,nusakaryamulyamedika@gmail.com,belum ada scan PKS,
17,PT Telekomunikasi Indonesia Tbk Wilayah Telekomunikasi Suramadu,,Penyediaan Jasa Layanan Information and communication technology (ICT),Tel.1241/HK 810/T3W-0A0L0000/2024,,100.3.7.146903/102.9/2024,1 Januari 2025,31 Desember 2027,30 September 2027,Berjalan,1nreac532t7t9pat4eclc6ppok@google.com,eppid@telkom.co.id,https://apprssm.rssoedono.jatimprov.go.id/sipedas/assets/file_surat_kerjasama/02-01-2024-1709602772-Kontrak_Berlangganan_PT_Telkom_dgn_RSSM_tahun_2024.pdf,
18,PT Saba Indomedika Surabaya,,Penggunaan Alat Pneumatic Tube Transport System Merk Hunter IT di Laboratorium Terpadu RSUD dr. Soedono Provinsi Jawa Timur,2466/PKS/SI-FSO/HANTER IT-PNEUMATIC TUBE/XII/2024,,100.3.7.1/46.877/102.9/2024,1 Januari 2025,31 Desember 2027,30 September 2027,Berjalan,e2l66l0sl946kkn3079nrb1rqg@google.com,eko.prasetyo@sabaindomedika.com,https://apprssm.rssoedono.jatimprov.go.id/sipedas/assets/file_surat_kerjasama/02-12-2024-1750661418-scan_PKS_PT_Saba_ttg_Pneumatic_Tube_Hunter_IT.pdf,
19,PT Telekomunikasi Indonesia Tbk Wilayah Telekomunikasi Madiun,,Penyediaan Jasa Layanan Information and communication technology (ICT),K.TEL/1      1/YN 000/T3W-0C0P0000/2025,,100.3.7.1/             /102.9/2025,1 Januari 2026,31 Desember 2027,30 September 2027,Berjalan,8mon8cspog3lhh9vspg7ca3apo@google.com,,belum ada scan PKS,
20,PT. PRODIA WIDYAHUSADA Tbk (RS Rujuk ke Prodia),,Rujukan Parsial Pelayanan Pemeriksaan Penunjang Diagnostik,018/MDI/SPK.RR/XII/2025,,100.3.7.1/40923/102.9/2025,1 Januari 2025,31 Desember 2027,30 September 2027,Berjalan,iaiku6ru9oh4b8o6pabc35r2bg@google.com,madiun.pms@prodia.co.id,belum ada scan PKS,
21,Dinas Kependudukan dan Catatan Sipil Kabupaten Magetan,,Pembuatan Dokumen Kependudukan,100.3.7/44/403.111/2025,,100.3.7.1/12394/102.9/2025,11 Mei 2025,10 Mei 2028,10 Februari 2028,Berjalan,jnplailc7l4cfoprtcvf2ep0ps@google.com,tidak ada,belum ada scan PKS,
22,PT. PRODIA WIDYAHUSADA Tbk (Prodia Rujuk ke RS),,Rujukan Pemeriksaan Penunjang Medis Laboratorium Medis Prodia Widyahusada Tbk,018/MDI/SPK.RR/XII/2025,,100.3.7.1/27086/102.9/2025,28 Juli 2025,20 Juli 2028,20 April 2028,Berjalan,iaiku6ru9oh4b8o6pabc35r2bg@google.com,madiun.pms@prodia.co.id,belum ada scan PKS,
23,PT Dexa Arfindo Pratama,,Penggunaan Alat Kesehatan Immunohematology Instrumentation Merk Matrix Type Crossmatching,I.025/DAP-MOU.TS/IV-25,,100.3.7.1/22971/102.9/2025,1 Agustus 2025,31 Juli 2028,30 April 2028,Berjalan,dhqr1pk48ds91heune44i42nu0@google.com,tidak ada,belum ada scan PKS,
24,PT. Sinar Roda Utama,,Pelayanan Hemodialisa,100.3.7.1/47145/102.9/2023,,473/SRU/HD/KSO/XII/2023,1 Januari 2024,31 Desember 2028,30 September 2028,Berjalan,i8243j38dq0b67v8gmi40h5osc@google.com,sales.sby@sinarrodautama.co.id,belum ada scan PKS,
25,PT Dimensi Citra Semesta,,Layanan Hematology Mindray di  Laboratorium Instalasi Gawat Darurat RSUD dr. Soedono Provinsi Jawa Timur,0071/26/I/KSO/DCS/SBY,,100.3.3.7.1/44468/102.9/2025,1 Januari 2026,31 Desember 2028,30 September 2028,Berjalan,649k86ql48ep7jptstcguknobc@google.com,dcsmedika@gmail.com,belum ada scan PKS,
26,PT Saba Indomedika Surabaya,,Layanan Hematology Analyzer Sysmex XN-1000B1 di Instalasi Laboratorium Terpadu,0026/PKSC/SI-FSO/SYSMEX-XN-1000-B1/XI/2025,,100.3.7.1/44459/102.9/2026,1 Januari 2026,31 Desember 2028,30 September 2028,Berjalan,qou26ov6ugj2464rkndtaaiu00@google.com,eko.prasetyo@sabaindomedika.com,belum ada scan PKS,
27,PT Dexa Arfindo Pratama,,Pelayanan Pemeriksaan Kimia Klinik Analyser Instrumentation Laboratory (Type Pentra C 400) di Instalasi Laboratorium Terpadu RSUD dr. Soedono Provinsi Jawa Timur,I.102/DAP-P.MOU.TS/XII-25,,100.3.7.1/43762/102.9/2025,1 Januari 2026,31 Desember 2028,30 September 2028,Berjalan,llhftgt9rffj33pcs4iaqlnjr0@google.com,aiman.dexaap@gmail.com,belum ada scan PKS,
28,PT Multimedilab Karyamandiri,,Penempatan Alat Chemiluminescence Immunoassay (Clia) System,033/KSO.M-800/MMK-SB/VII/2025,,100.3.7.1/22967/102.9/2025,7 Juli 2025,7 Juli 2030,7 April 2030,Berjalan,5pe9o15m06vtioiqc17n7unc7k@google.com,multimedilabkaryamandirisby@gmail.com,https://apprssm.rssoedono.jatimprov.go.id/sipedas/assets/file_surat_kerjasama/01-07-2025-1760185674-Scan_PKS_PT_Multimedilab_Karyamandiri_ttg_Alat_CLIA.pdf,
29,Biro Umum Setda Provinsi Jawa Timur,,Berita Acara Serah Terima Pinjam Pakai Kendaraan,,,024/73/032.1/2025,1 Januari 2025,31 Desember 2025,30 September 2025,Perlu Proses Perpanjangan,ehpqa3vkvn1gcvj19kq0pom4k4@google.com,jks.biroumum@jatimprov.go.id,,
30,Kejaksaan Negeri Kota Madiun,,"Penanganan Permasalahan Hukum 
Bidang Perdata dan Tata Usaha Negara","445/15,721/102,9/2023",,NKS-01/M.5.14/GS/04/2023,3 April 2023,3 April 2025,3 Januari 2025,Tidak Diperpanjang,a39shjmfvcs80c198nsnad8lr0@google.com,tidak ada,,
31,FK UII,RSJD DR. RM. Soedjarwadi,Addendum Pelaksanaan Program Pendidikan di Rumah Sakit Jejaring ,347.a/Dek/01/Profesi/IV/2022,445/14.548/102.9/2022,019.5/4137,4 April 2022,3 April 2025,3 Januari 2025,Perlu Proses Perpanjangan,vjpadalg8cedns797k3n3mhj1k@google.com,fk@uii.ac.id,soedjarwadi@jatengprov.go.id,
32,IIK Bhakti Wiyata Kediri,,"Tridharma Perguruan Tinggi
",205/R/U/U/2022,,445/7.215/102.9/2022,1 Mei 2022,30 April 2025,30 Januari 2025,Perlu Proses Perpanjangan,6s52qjh1bpduikhjkd228oilbc@google.com,tidak ada,,
33,IIK Bhakti Wiyata Kediri,0,Addendum Tridharma Perguruan Tinggi,437/R/U/IV/2024,,100.3.7.1/7.215/102.9/2024,24 April 2024,30 April 2025,30 Januari 2025,Perlu Proses Perpanjangan,hth853nll95rcndio3bcltao9s@google.com,tidak ada,,
34,FK UII,RSI Yogyakarta PDHI,RSI Yogyakarta PDHI sebagai RS Pendidikan Satelit Fakultas Kedokteran Universitas Islam Indonesia Yogyakarta,890.a/Dek/01/Div.Um/IX/2022,445/49.874/102.9/2022,1569/KS 4.1/IX/2022,1 September 2022,31 Agustus 2025,31 Mei 2025,Perlu Proses Perpanjangan,a69s9o1e4vukj856ssfbbhj2gs@google.com,fk@uii.ac.id,humas@rsiypdhi.com,diklat@rsiy@gmail.com
35,Fak. Ekonomika dan Bisnis Universitas Negeri Surabaya,,"Kerjasama di Bidang Merdeka Belajar, Pengembangan Pendidikan, Penelitian dan Pengabdian kepada Masyarakat",62822/UN38.7/KS.06/2022,,445/48.903/102.9/2022,1 September 2022,31 Agustus 2025,31 Mei 2025,Perlu Proses Perpanjangan,cos4hfhv57jg6fgen2qm8gt28c@google.com,fakultasekonomi@unesa.ac.id,,
36,PPNI Kota Madiun,,Kesepakatan Bersama Pelaksanaan Pelatihan/ Workshop Bagi Tenaga Kesehatan,059/DPN.PPNI/S/K.S/11/2023,,"445/1,704/102,9/2023",9 Januari 2023,8 Januari 2026,8 Oktober 2025,Perlu Proses Perpanjangan,lhiji204hkd1gpd7cdb8ne8ik0@google.com,ppnimadiun@gmail.com,,
37,Koperasi Jasa Institut Riset Eijkman,,Surveilans dan Peningkatan Kapasitas Deteksi dan Pemantauan Resistensi Antimikroba Bakteri Penyebab Infeksi Invasif di Indonesia,023/KIRE/II/2023,,"445/1,705/102,9/2023",1 Februari 2023,31 Januari 2026,31 Oktober 2025,Berjalan,pidp5phk4agd4m4onoi27brels@google.com,tidak ada,https://apprssm.rssoedono.jatimprov.go.id/sipedas/assets/file_surat_kerjasama/17-02-2023-1679887876-PKS_KIRE_EIJKMAN_2023.pdf,
38,Erha Skin Madiun,,Pengelolaan Laundry Linen,,,100.3.7.1/10.962/102.9/2024,1 April 2024,31 Januari 2026,31 Oktober 2025,Berjalan,nm68n93n3tqs9dsmsvm1gja0k0@google.com,tidak ada,https://apprssm.rssoedono.jatimprov.go.id/sipedas/assets/file_surat_kerjasama/22-03-2024-1715662765-Scan_PKS_Laundry_dengan_Erha_Clinic.pdf,
39,STIKES Bhakti Husada Mulia Madiun,,"kegiatan proses belajar mengajar, praktik, penelitian dan pengabdian masyarakat di RSUD dr. Soedono Provinsi Jawa Timur",026/STIKES/BHM/MoU/III/2023,,"445/11,144/102,9/2023",1 Maret 2023,28 Februari 2026,28 November 2025,Berjalan,s28vldakfc075ouihtj12fd0bg@google.com,stikesbhm@gmail.com atau pmbstikesbhm@gmail.com,https://apprssm.rssoedono.jatimprov.go.id/sipedas/assets/file_surat_kerjasama/22-03-2024-1715662765-Scan_PKS_Laundry_dengan_Erha_Clinic.pdf,
40,Program Pasca Sarjana Universitas Muhammadiyah Yogyakarta,,Penyelenggaraan Pelaksanaan Tri Dharma Perguruan Tinggi,273/C.6-VIII/PPs-UMY/III/2023,,"445/15,050/102,9/2023",1 April 2023,31 Maret 2026,31 Desember 2025,Berjalan,nli9a23g6ktnu5ob85tmv0963o@google.com,pascasarjana@umy.ac.id,belum ada scan PKS,
41,Kolegium Anestesiologi dan Terapi Intensif Indonesia Indonesia (KATI),,Program Pendidikan Fellowship of Interventional Pain (FIP),"445/22,064/102,9/2023",,18/MOU/V/2023,23 Mei 2023,22 Mei 2026,22 Februari 2026,Berjalan,3jje21isuh1d1oo1n3d1eaf56c@google.com,info@kati.or.id,https://apprssm.rssoedono.jatimprov.go.id/sipedas/assets/file_surat_kerjasama/31-08-2023-1704677077-addendum_PKS_dengan_KATI_FIP_2023.pdf,
42,Kolegium Anestesiologi dan Terapi Intensif Indonesia Indonesia (KATI),,Addendum Program Pendidikan Fellowship of Interventional Pain (FIP),33/MOU/XII/2023,,100.3.7.1/34.245/102.9/2023,1 September 2023,22 Mei 2026,22 Februari 2026,Berjalan,quda74mj7ntrbne8h9qpld4rjg@google.com,info@kati.or.id,https://apprssm.rssoedono.jatimprov.go.id/sipedas/assets/file_surat_kerjasama/31-08-2023-1704677077-addendum_PKS_dengan_KATI_FIP_2023.pdf,
43,Akademi Manajemen Administrasi Yogyakarta,,Penyelenggaraan Kegiatan tri Dharma Perguruan Tinggi,019/MOU/DIR/AMAYO/2023,,445/28.212/102.9/2023,1 Juli 2023,30 Juni 2026,30 Maret 2026,Berjalan,bj1m6dtd5iuesq6qcgd80gm7lc@google.com,info@amayogyakarta.ac.id,belum ada scan PKS,
44,Universitas Katolik Soegijapranata,,Pelaksanaan Kerja Praktik/ Magang untuk Mahasiswa,01327/H.7.1/FTP/06/2024,,100.3.7.1/        /102.9/2024,22 Juli 2024,21 Juli 2026,21 April 2026,Berjalan,q47e5sco047ibjq3cenojf2jvk@google.com,unika@unika.ac.id,belum ada scan PKS,
45,Universitas Muhammadiyah Madiun,,Penyelenggaraan tri Dharma Perguruan Tinggi,289/D.2-II/SR-UMMAD/VII/2023,,445/28.838/102.9/2023,1 Agustus 2023,31 Juli 2026,30 April 2026,Berjalan,dgoafjp68of7h7prpd3oov5t54@google.com,ummad@ummad.ac.id,https://apprssm.rssoedono.jatimprov.go.id/sipedas/assets/file_surat_kerjasama/14-07-2023-1700619695-PKS_Unmuh_Madiun_2023.pdf,
46,Fakultas Kedokteran Universitas Islam Indonesia,RS Universitas Islam Indonesia,RS Univ. Islam Indonesia sebagai Rumah Sakit Pendidikan Satelit RSUD dr. Soedono Madiun,627.a/dek-FK/01/Div.Adm.URT-FK/VI/2025,077/1/07/VI/2025,100.3.7.1/19968/102.9/2025,4 Juni 2025,22 September 2026,22 Juni 2026,Berjalan,ddtk4eru69c65sfell9inrtlr0@google.com,"fk@uii.ac.id 
contact@rsuii.co.id",https://apprssm.rssoedono.jatimprov.go.id/sipedas/assets/file_surat_kerjasama/01-09-2022-1672722847-PKS_FK_UII_dan_RSI_Yogyakarta_PDHI.pdf,
47,Fakultas Kedokteran Universitas Islam Indonesia,RSUD DR. Soediran Mangun Sumarso Wonogiri,Pelaksanaan Program Pendidikan di Rumah Sakit Jejaring ,415.a/Dek-FK/01/Div.Adm.URT-FK/IV/2025,044/RSUD/IV/2025,100.3.7.1/14107/102.9/2025,1 April 2025,22 September 2026,22 Juni 2026,Berjalan,48f58ukalmho8er8gvudhc36no@google.com,"fk@uii.ac.id
rsud.soediran@gmail.com",https://apprssm.rssoedono.jatimprov.go.id/sipedas/assets/file_surat_kerjasama/27-09-2024-1730250299-Scan_Addendum_Kedua_PKS_FK_UII_ttg_Pendidikan_Dokter.pdf,
48,FK UII,RSUD dr. Soedirman Kebumen,Pelaksanaan Program Pendidikan di Rumah Sakit Jejaring ,374.a/Dek-FK/01/Ka.UPKS/XI/2025,000.4.7.2/53/PKS/IV/2025,100.3.7.1/12988/102.9/2025,9 April 2025,22 September 2026,22 Juni 2026,Berjalan,luqo9jbsb6feo87lpp4j9pmqvk@google.com,"fk@uii.ac.id
rsud@kebumenkab.go.id",https://apprssm.rssoedono.jatimprov.go.id/sipedas/assets/file_surat_kerjasama/22-01-2018-1675150698-PKS_Tripartid_FK_UII_dan_RS_Soedirman_Kebumen_ttg_Program_Pendidikan_Dokter_di_RS_Jejaring.pdf,
49,Universitas Katolik Widya Mandala Surabaya Kampus Kota Madiun,,"Pelaksanaan Tri Dharma Perguruan Tinggi yaitu Pendidikan, Penelitian, dan Pengabdian Kepada Masyarakat Universitas Katolik Widya Mandala Surabaya Kampus Kota Madiun",5826A/WM01/H/2023,,100.3.7.1/38.020/102.9/2023,1 Oktober 2023,30 September 2026,30 Juni 2026,Berjalan,ire5rbtip8l4gkfvi8lvb77qgk@google.com,osc-promotionsadmission-center@ukwms.ac.id,belum ada scan PKS,
50,Fakultas Farmasi Universitas Setia Budi,,Pelaksanaan Program Praktek Kerja Profesi Apoteker (PKPA) Rumah Sakit,092.a/H4-04/11.04.2023,,"445/16,794/102,9/2023",4 November 2026,4 Oktober 2026,4 Juli 2026,Berjalan,a5gsatu4quaqp9954jguohoe1o@google.com,tidak ada,belum ada scan PKS,
51,Universitas Duta Bangsa,,"Pelaksanaan Kegiatan Pendidikan, Penelitian, dan Pengabdian Masyarakat Mahasiswa Fakultas Ilmu Kesehatan Univ. Duta Bangsa Surakarta di RSUD dr. Soedono Provinsi Jawa timur",061/UDB.D2/C.5-HK/XI/2023,,100.3.7.1/43.606/102.9/2023,10 November 2023,9 November 2026,9 Agustus 2026,Berjalan,f3nvo716h8kmfffiu4nbseficg@google.com,info@udb.ac.id,https://apprssm.rssoedono.jatimprov.go.id/sipedas/assets/file_surat_kerjasama/10-11-2023-1704256737-PKS_FIKES_Univ_Duta_Bangsa_Surakarta_2023.pdf,
52,Fakultas Kedokteran Universitas Islam Indonesia Yogyakarta,,Pendidikan Klinik Dokter Muda FK UII Yogyakarta di RSUD dr. Soedono Madiun,15.4/Dek/01/Div.Um/I/2022,,445/700/303/2022,5 Januari 2022,4 Januari 2027,4 Oktober 2026,Berjalan,d1gc0p7e3g0prn600h11sbsk5g@google.com,fk@uii.ac.id,https://apprssm.rssoedono.jatimprov.go.id/sipedas/assets/file_surat_kerjasama/05-01-2022-1646112180-PKS_FK_UII_2022.pdf,
53,Fakultas Kedokteran Universitas Islam Indonesia Yogyakarta,,Addendum Pendidikan Klinik Dokter Muda FK UII ,627.a/Dek/01/Div.um/VI/2022,,445/27.207/102.9/2022,21 Juni 2022,4 Januari 2027,4 Oktober 2026,Berjalan,07e1ra01trtie4vbndocnion7g@google.com,fk@uii.ac.id,https://apprssm.rssoedono.jatimprov.go.id/sipedas/assets/file_surat_kerjasama/05-01-2022-1646112180-PKS_FK_UII_2022.pdf,
54,Fakultas Kedokteran Universitas Hang Tuah Surabaya ,Rumah Sakit Pusat Angkatan Laut DR. Ramelan,Pemanfaatan RSUD dr. Soedono Provinsi Jawa Timur sebagai Jejaring Rumah Sakit Pendidikan  Fakultas Kedokteran Universitas Hang Tuah Surabaya,,,"100.3.7.1/861/102.9/2024",11 Januari 2024,10 Januari 2027,10 Oktober 2026,Berjalan,s59r6perrq13k6p6j1f02lg5rs@google.com,hangtuah@hangtuah.ac.id,belum ada scan PKS,
55,Fakultas Kedokteran Universitas Muhammadiyah Surabaya,,Tridharma Perguruan Tinggi,039/MoA/II.3.AU/FK/A/2024,,100.3.7.1/932/102.9/2024,11 Januari 2024,10 Januari 2027,10 Oktober 2026,Berjalan,noh8lr6pl66768jjsij270p79c@google.com,tidak ada,belum ada scan PKS,
56,Fakultas Kedokteran Universitas Muhammadiyah Surabaya,,Addendum Tridharma Perguruan Tinggi,039.1/MoA/II.3.AU/FK/A/2025,,100.3.7.1/43354/102.9/2025,18 November 2025,10 Januari 2027,10 Oktober 2026,Berjalan,4d60qh27gr9pdi3fd8o4kqf6ps@google.com,tidak ada,belum ada scan PKS,
57,Fakultas Psikologi UIN Maulana Malik Ibrahim Malang,,Praktik Kerja Lapangan Psikologi,105/F.Psi/OT.01.6/01/2024,,100.3.7.1/1116/102.9/2024,12 Januari 2024,12 Januari 2027,12 Oktober 2026,Berjalan,8ltall09h43q48c0kpec889c0o@google.com,fpsi@uin-malang.ac.id,https://apprssm.rssoedono.jatimprov.go.id/sipedas/assets/file_surat_kerjasama/28-06-2021-1628733332-PKS_UIN_Maulana_Malik_Ibrahim_Malang.pdf,
58,Fakultas Kedokteran Universitas Nahdlatul Ulama Surabaya ,RSI Surabaya Jemursari,"Program Pendidikan Kedokteran pada Jejaring Rumah Sakit di Bidang Pendidikan, Penelitian dan Pengabdian Masyarakat",24.10/UNUSA/Adm.MoA/I/2024,,JS.A.SKR.0551.01.24,17 Januari 2024,16 Januari 2027,16 Oktober 2026,Berjalan,3qls5s4hplm65pif4eucos6efs@google.com,"info@unusa.ac.id
rsis.jemursari@rsisjs.id",belum ada scan PKS,
59,Fakultas Matematika dan Ilmu Pengetahuan Alam Universitas Negeri Malang,,"Bidang Penelitian, Pengabdian kepada Masyarakat, dan Pendidikan dalam Rangka Implementasi Kampus Merdeka",1.3.37/UN 32.3/KS/2024,,100.3.7.1/7594/102.9/2024,1 Maret 2024,28 Februari 2027,28 November 2026,Berjalan,nvvv1r8chr6ci6av7oqg3pdq1k@google.com,kaprodi.s1biotek.fmipa@um.ac.id,https://apprssm.rssoedono.jatimprov.go.id/sipedas/assets/file_surat_kerjasama/01-03-2024-1715673836-PKS_FMIPA_Univ_Negeri_Malang_2024.pdf,
60,Universitas Widya Husada Semarang,,Pelasaknaan Tri Dharma Perguruan Tinggi,33/PKS/UHWS/VII/2024,,100.3.7.1/20409/102.9/2024,22 April 2024,21 April 2027,21 Januari 2027,Berjalan,o7iucbif8h1r9blk4elcerr200@google.com,baak@uwhs.ac.id,belum ada scan PKS,
61,STIKES Guna Bangsa Yogyakarta,,Pelaksanaan Kegiatan Tri Dharma PT Dan Pendayagunaan Lulusan Bagi Mahasiswa STIKES Guna Bangsa Yogyakarta,,,100.3.7.1/18957/102.9/2024,1 Juni 2024,31 Mei 2027,28 Februari 2027,Berjalan,oj593g6tmd1nenvcgqb7837pqo@google.com,info@gunabangsa.ac.id,https://apprssm.rssoedono.jatimprov.go.id/sipedas/assets/file_surat_kerjasama/19-04-2021-1621312244-PKS_STIKES_GUNA_BANGSA_YOGYAKARTA.pdf,
62,FK Universitas Brawijaya,,Penyelenggaraan Pendidikan Dokter Spesialis bagi Dokter Utusan Khusus,3128.8/UN10.F08/KS/2022,,445/29.316/102.9/2022,1 Juli 2022,30 Juni 2027,30 Maret 2027,Berjalan,kniegi41llbh6tok4th1j5sm38@google.com,sekr.fk@ub.ac.id,belum ada scan PKS,
63,FK Universitas Brawijaya,,Addendum,6559.2/UNIO.F08/KS/2022,,"445/69,105/102.9/2022",1 Desember 2022,30 Juni 2027,30 Maret 2027,Berjalan,ht2ibk8ji3t64ounpdt909dqm4@google.com,sekr.fk@ub.ac.id,belum ada scan PKS,
64,FK Universitas Brawijaya,,Addendum II,3114.3/UN10.F08/KS/2023,,445/23.276/102.9/2023,1 Juni 2023,30 Juni 2027,30 Maret 2027,Berjalan,je16mkr4m1048vd2cq5h966pgs@google.com,sekr.fk@ub.ac.id,belum ada scan PKS,
65,UNIVERSITAS PGRI MADIUN,,Pelaksanaan Kegiatan Program Kerja Praktik/Magang,044/H/UNIPMA/2024,,100.3.7.1/10/048/102.9/2024,1 Juli 2024,30 Juni 2027,30 Maret 2027,Berjalan,u5s088rdgsns4eqe25uc9slpq0@google.com,rektorat@unipma.ac.id,belum ada scan PKS,
66,Fakultas Ilmu Komputer Universitas Brawijaya,,Pelaksanaan Praktik Kerja Lapangan,03542/UN10.F1501/B/KS/2024,,100.3.7.1/28683/102.9/2024,8 Agustus 2024,7 Agustus 2027,7 Mei 2027,Berjalan,1pfhnmj3qjru8th4rrhne1j66c@google.com,filkom@ub.ac.id,belum ada scan PKS,
67,Fakultas Psikologi Universitas Negeri Surabaya,,"Pelaksanaan Pendidikan, Penelitian dan Pengabdian kepada Masyarakat Berdasarkan Tri Dharma Perguruan Tinggi",85813/UN38.11/KS.01/2024,,100.3.7.1/33035/102.9/2024,9 September 2024,8 September 2027,8 Juni 2027,Berjalan,ffjvmdapoa9458n42n11qqi344@google.com,psikologi@unesa.ac.id,https://apprssm.rssoedono.jatimprov.go.id/sipedas/assets/file_surat_kerjasama/09-09-2024-1751951128-PKS_Fak_Psikologi_UNESA_2024.pdf,
68,AKADEMI KEPERAWATAN PEMERINTAH KABUPATEN NGAWI,,Penyelenggaraan Praktik Klinik Keperawatan Mahasiswa Akademi Keperawatan Pemerintah Kabupaten Ngawi di RSUD dr. Soedono Provinsi Jawa Timur,421/025.A/404.102.28/I/2024,,100.3.7.1/33591/102.9/2024,12 September 2024,11 September 2027,11 Juni 2027,Berjalan,2f89tkhor7cqp09n4pbi5kocgc@google.com,admin@akperngawi.ac.id,belum ada scan PKS,
69,UNIVERSITAS PGRI MADIUN,,Pelaksanaan Tri Dharma Perguruan Tinggi,1697/H/UNIPMA/2024,,100.3.7.1/34829/102.9/2024,23 September 2024,22 September 2027,22 Juni 2027,Berjalan,0jbpf84ul0go3jbm41io3qnb78@google.com,rektorat@unipma.ac.id,belum ada scan PKS,
70,Fakultas Kedokteran Universitas Islam Indonesia Yogyakarta,RSUD Dr. Moewardi Surakarta,Pengelolaan dan Pelaksanaan Kepaniteraan Klinik Pendidikan Profesi dokter bagian Ilmu Kedokteran Forensik dan Medikolegal,1201.a/Dek-FK/01/Div.Adm.URT-FK/X/2024,445/9964A/2024,100.3.7.1/36544/102.9/2024,2 Oktober 2024,2 Oktober 2027,2 Juli 2027,Berjalan,sf3luhgvbbv1gok2tb4pmnsv94@google.com,"fk@uii.ac.id
rsmoewardi@jatengprov.go.id",belum ada scan PKS,
71,Fakultas Kedokteran Universitas Airlangga,RSUD Dr. Soetomo Surabaya, Rumah Sakit Jejaring Pendidikan,623/UN31.1I/KS/2024,100.3.7.1/6903/102.6/2024,100.3.7.1/43166/102.9/2024,12 November 2024,11 November 2027,11 Agustus 2027,Berjalan,uisdmg44aiq01vqhm8ms8t46g4@google.com,"dekan@fk.unair.ac.id
rsdstimpendidikan@gmail.com",https://apprssm.rssoedono.jatimprov.go.id/sipedas/assets/file_surat_kerjasama/12-11-2018-1574731464-PKS2018__31344__PKS_dengan_FK_Unair_dan_RSUD_Dr__Soetomo_Surabaya_ttg_Pendidikan_dan_Pelayanan_Rumah_Sakit_Jejaring.pdf,
72,RSUD dr. Mohammad Zyn Kabupaten Sampang,,Penyelenggaraan Pelatihan Basic Trauma Cardiac Life Support (BTCLS) bagi Praktisi Kesehatan di Fasilitas Pelayanan Kesehatan,100.3.7/422/434.203.100.01/2025,,100.3.7.1/43761/102.9/2025,20 November 2025,19 November 2027,19 Agustus 2027,Berjalan,4d5a12hrdf1q67tkmajbjnsapg@google.com,"rsud.dr.mohammad.zyn@gmail.com
081913531316",belum ada scan PKS,
73,Forum Kerukunan Umat Beragama Kota Madiun,,Pelayanan Kerohanian Pasien,,,100.3.7.1/51491/102.9/2024,1 Februari 2025,1 Februari 2028,1 November 2027,Berjalan,nghu73b2rjqf7q80jijo46gfh4@google.com,tidak ada,belum ada scan PKS,
74,Fakultas Ilmu Kesehatan Universitas ‘Aisyiyah Yogyakarta,,Pelaksanaan Tri Dharma Perguruan Tinggi dalam Implementasi Merdeka Belajar Kampus Merdeka serta Pemberdayaan Lulusan,1063/FIKES-UNISA/Au/V/2022,,"445/72.135/102,9/2022",3 Januari 2023,2 Januari 2028,2 Oktober 2027,Berjalan,dqcrubtjfcqla26a2jm2c8plt4@google.com,fikes@unisayogya.ac.id,https://apprssm.rssoedono.jatimprov.go.id/sipedas/assets/file_surat_kerjasama/09-12-2022-1674606243-PKS_Unisa_Yogyakarta.pdf,
75,Fakultas Ilmu Kesehatan Universitas ‘Aisyiyah Yogyakarta,,Addendum Pelaksanaan Tri Dharma Perguruan Tinggi dalam Implementasi Merdeka Belajar Kampus Merdeka serta Pemberdayaan Lulusan,842/FIKES-UNISA/Au/IX/2024,,100.3.7.1/      /102.9/2024,5 September 2024,2 Januari 2028,2 Oktober 2027,Berjalan,vfvmgkqfhh6k78v6f0d1cg0lak@google.com,fikes@unisayogya.ac.id,https://apprssm.rssoedono.jatimprov.go.id/sipedas/assets/file_surat_kerjasama/09-12-2022-1674606243-PKS_Unisa_Yogyakarta.pdf,
76,Politeknik Insan Husada Surakarta,,Pelaksanaan Tri Dharma Perguruan Tinggi,011/IH/MOU/2025,,100.3.7.1/270/102.9/2025,2 Januari 2025,2 Januari 2028,2 Oktober 2027,Berjalan,pmuqo61q1vq1nl66knbujd0qc8@google.com,info@polinsada.ac.id,belum ada scan PKS,
77,Fakultas Biologi Universitas Jenderal Soedirman,,Kegiatan Merdeka Belajar Kampus Merdeka (MBKM),B/5/UN23.6/HK.06.00/2025,,100.3.7.1/775/102.9/2025,7 Januari 2025,6 Januari 2028,6 Oktober 2027,Berjalan,degjvbqdkh3cnqi8936kqegj0g@google.com,tidak ada,belum ada scan PKS,
78,PT Bank Pembangunan Daerah Jawa Timur Tbk Cabang Madiun,,Fasilitas Pembayaran Pasien melalui Virtual Account,062/02/MDN/OPD/PKS,,445/27.366/102.9/2023,9 Januari 2023,8 Januari 2028,8 Oktober 2027,Berjalan,ad9tfaljvkldn7h08viutk3qsc@google.com,tidak ada,https://apprssm.rssoedono.jatimprov.go.id/sipedas/assets/file_surat_kerjasama/30-06-2022-1674715878-PKS_Virtual_Account_Bank_Jatim.pdf,
79,STIKES Rajekwesi Bojonegoro,,"Pengembangan di Bidang Pendidikan, Penelitian, dan Pelayanan Kesehatan",119/STIKes.R/I/2025,,100.3.7.1/269/102.9/2025,10 Januari 2025,9 Januari 2028,9 Oktober 2027,Berjalan,v28c88v1ub3k40t8pjdojfab28@google.com,stikes@rajekwesi.ac.id,https://apprssm.rssoedono.jatimprov.go.id/sipedas/assets/file_surat_kerjasama/02-01-2025-1739017950-PKS_STIKES_Rajekwesi_Bojonegoro.pdf,
80,FAKULTAS KEDOKTERAN UNIVERSITAS ISLAM INDONESIA INDONESIA YOGYAKARTA,RUMAH SAKIT JIWA GRHASIA DINAS KESEHATAN DAERAH ISTIMEWA YOGYAKARTA,RUMAH SAKIT JIWA GRHASIA DINAS KESEHATAN DAERAH ISTIMEWA YOGYAKARTA SEBAGAI RUMAH SAKIT PENDIDIKAN AFILIASI FAKULTAS KEDOKTERAN UNIVERSITAS ISLAM INDONESIA YOGYAKARTA,176.a/Dek-FK/01/Ka.UPKS/II/2025,B/400.14.4.4/2495/D13.4,100.3.7.1/5589/102.9/2025,10 Februari 2025,09 Februari 2028,9 November 2027,Berjalan,jf4injg2iou087bbdish19ik3o@google.com,"fk@uii.ac.id
grhasiamentalhospital@jogjaprov.go.id",belum ada scan PKS,
81,Fakultas Ilmu Kesehatan Universitas Brawijaya,,"Penyelenggaraan Pendidikan, Penelitian dan Pengabdian Masyarakat di RSUD dr. Soedono Provinsi Jawa Timur sebagai Rumah Sakit Jejaring Pendidikan",03686/UN10.F1701/B/KS/2025,,100.3.7.01/6566/102.9/2025,1 April 2025,31 Maret 2028,31 Desember 2027,Berjalan,ah84fhe2eplm69rs25ivdbqcfg@google.com,fikes@ub.ac.id,https://apprssm.rssoedono.jatimprov.go.id/sipedas/assets/file_surat_kerjasama/17-02-2025-1751335581-scan_PKS_Pengabdian_Masyarakat_Fikes_UB.pdf,
82,Universitas Muhammadiyah Kudus,,Pelaksanaan Tri Dharma Perguruan Tinggi,180/AI-5/UMKU/V/2025,,100.3.7.1/12824/102.9/2025,8 April 2025,8 April 2028,8 Januari 2028,Berjalan,6fof5do6030iula9098u3uhqeo@google.com,sekretariat@umkudus.ac.id,https://apprssm.rssoedono.jatimprov.go.id/sipedas/assets/file_surat_kerjasama/31-08-2020-1602745891-PKS_Unmuh_Kudus.pdf,
83,FK Universitas Islam Indonesia Yogyakarta,RSUD dr. Soehadi Prijonegoro Sragen,RSUD dr. Soehadi Prijonegoro Sragen sebagai Rumah Sakit Pendidikan Satelit RSUD dr. Soedono Madiun,371.c/Dek-FK/01/Div.Adm.URT-FK/IV/2025,400.14.5.4/831/05.1.1/2025,100.3.7.1/12987/102.9/2025,9 April 2025,9 April 2028,9 Januari 2028,Berjalan,ceop69immb93c15903pnm10cfs@google.com,"fk@uii.ac.id
rsudsragen1958@gmail.com",https://apprssm.rssoedono.jatimprov.go.id/sipedas/assets/file_surat_kerjasama/22-01-2018-1675150223-PKS_Tripartid_FK_UII_dan_RS_Soehadi_Prijonegoro_ttg_Program_Pendidikan_Dokter_di_RS_Jejaring.pdf,
84,FK UII Yogyakarta,RSUD Dr. Soeroto Ngawi,RSUD dr. Soeroto Kabupaten Ngawi Sebagai Rumah Sakit Pendidikan Satelit Rumah Sakit Umum Daerah dr. Soedono Provinsi Jawa Timur,371.e/Dek-FK/01/Div.Adm.URT-FK/IV/2025,400.7.3.5/67/404.302.1/2025,100.3.7.1/12986/102.9/2025,9 April 2025,9 April 2028,9 Januari 2028,Berjalan,rd7f2on2p6bqllp6dsikbel0n0@google.com,"fk@uii.ac.id
rssoeroto@ngawikab.go.id",belum ada scan PKS,adanya jejaring
85,FK UII Yogyakarta,RSUD Wonosari,Pelaksanaan Program Pendidikan Dokter di Rumah Sakit Jejaring ,371.a/Dek-FK/01/Div.Adm.URT-FK/IV/2025,100.4.6.1/1092.D/2025,100.3.7.1/12989/102.9/2026,9 April 2025,9 April 2028,9 Januari 2028,Berjalan,t6ucfcrva32ifphi2lm7aqru1o@google.com,"fk@uii.ac.id
rsudwonosari06@gmail.com",https://apprssm.rssoedono.jatimprov.go.id/sipedas/assets/file_surat_kerjasama/22-01-2018-1675149014-PKS_Tripartid_FK_UII_dan_RSUD_Wonosari_ttg_Program_Pendidikan_Dokter_di_RS_Jejaring.pdf,
86,Politeknik Negeri Jember,,Praktik Kerja lapang Mahasiswa Jurusan Kesehatan Politeknik Negeri Jember di RSUD dr. Soedono Madiun,5596/PLI7/KS/2025,,100.3.7.1/13342/102.9/2025,11 April 2025,10 April 2028,10 Januari 2028,Berjalan,dvqppenp4pug0gu2d92up0bkvo@google.com,ukerma@polije.ac.id,https://apprssm.rssoedono.jatimprov.go.id/sipedas/assets/file_surat_kerjasama/11-04-2022-1655364033-PKS_Politeknik_Negeri_Jember.pdf,
87,Politeknik Kementerian Kesehatan Malang,,PRAKTEK KLINIK MAHASISWA,HK.03.01/F.XIII/2629/2025,,100.3.7.1/48119/102.9/2025,25 April 2025,24 April 2028,24 Januari 2028,Berjalan,cgjcirookerimupd5q5cvlrtj4@google.com,direktorat@poltekkes-malang.ac.id,https://apprssm.rssoedono.jatimprov.go.id/sipedas/assets/file_surat_kerjasama/12-09-2025-1751949556-Scan_PKS_Poltekkes_Surabaya_ttg_Praktik_mahasiswa.pdf,
88,Politeknik Kementerian Kesehatan Surakarta,,Pelaksanaan Tri Dharma Perguruan Tinggi,HK.03.01/F.XXV/2390/2025,,100.3.7.1/16175/102.9/2025,5 Mei 2025,5 Mei 2028,5 Februari 2028,Berjalan,cs929jqoqu7259t52tn15uha1o@google.com,humas.advokasipolkesta@gmail.com,https://apprssm.rssoedono.jatimprov.go.id/sipedas/assets/file_surat_kerjasama/13-04-2020-1617851327-PKS_POLTEKKES_KEMENKES_SURAKARTA_2020-2022.pdf,
89,Universitas Kusuma Husada Surakarta,3,Pelaksanaan Tridharma Perguruan Tinggi,,,100.3.7.1/16882/102.9/2025,9 Mei 2025,9 Mei 2028,9 Februari 2028,Proses Mitra,l54lffuieho1sa57r793ersg2s@google.com, info@ukh.ac.id,,
90,PT Bank Pembangunan Daerah Jawa Timur Tbk Cabang Madiun,,Fasilitas Pembayaran Diklit melalui Virtual Account,062/03/MDN/opd/PKS,,445/27.365/102.9/2023,30 Mei 2023,29 Mei 2028,29 Februari 2028,Berjalan,qhpfa4snlia8t2tr488md525a8@google.com,tidak ada,https://apprssm.rssoedono.jatimprov.go.id/sipedas/assets/file_surat_kerjasama/30-06-2022-1674715878-PKS_Virtual_Account_Bank_Jatim.pdf,
91,Akademi Teknik Radiodiagnostik dan Radioterapi Bali,,Pelaksanaan Tri Dharma Perguruan Tinggi,014/AB/ATRO/VII/2025,,100.3.7.1/19618/.102.9/2025,2 Juni 2025,2 Juni 2028,2 Maret 2028,Berjalan,tsuqopn0fb4safi6d47cr3cfvk@google.com,atro.bali.ac.id,belum ada scan PKS,
92,Politeknik Indonusa Surakarta,,Pelaksanaan Tri Dharma Perguruan Tinggi,1232/DVI-MOU/INDO/VI/2025,,100.3.7.1/19617/102.9/2025,2 Juni 2025,2 Juni 2028,2 Maret 2028,Berjalan,kb0kcdmh253muanfjg2f4lstns@google.com,polinus@poltekindonusa.ac.id,belum ada scan PKS,
93,Politeknik Negeri Madiun,,Pelaksanaan Tri Dharma Perguruan Tinggi,09/13/PL33.001/HK/2024,,100.3.7.1/20413/102.9/2024,24 Juni 2024,23 Juni 2028,23 Maret 2028,Berjalan,irj6dbq628l0mun4rciui5muf8@google.com,sundaru.guntur@pnm.ac.id,belum ada scan PKS,
94,STIKES Muhammadiyah Bojonegoro,,"Penyelenggaraan Pendidikan, Pelatihan dan Penelitian",0326/I.3AU/J/2025,,100.3.7.1/23343/102.9/2025,3 Juli 2025,3 Juli 2028,3 April 2028,Berjalan,7s0evbovnt70tf64sflomm7jmc@google.com,stikesmuhbjngr@gmail.com,https://apprssm.rssoedono.jatimprov.go.id/sipedas/assets/file_surat_kerjasama/03-07-2023-1690173884-PKS_Stikes_Muhammadiyah_Bojonegoro_2023.pdf,
95,Poltekkes Kemenkes Semarang,,Pelaksanaan Tridharma Perguruan Tinggi,HK.03.01/F.XV/5240/2025,,100.3.7/24353/102.9/2025,10 Juli 2025,10 Juli 2028,10 April 2028,Berjalan,80s4udsr4ch9gvin8gpe4fp9h8@google.com,humas@poltekkes-smg.ac.id,belum ada scan PKS,
96,Fakultas Vokasi Universitas Airlangga,,"Keg Pendidikan, Penelitian dan Pengabdian pada Masyarakat",103/UN3.FV/HK.07.00/2025,,100.3.7.1/24355/102.9/2025,10 Juli 2025,10 Juli 2028,10 April 2028,Berjalan,q4hdbf98pcspdak7cukekq7798@google.com,info@vokasi.unair.ac.id,https://apprssm.rssoedono.jatimprov.go.id/sipedas/assets/file_surat_kerjasama/14-08-2020-1602746226-PKS_FAKULTAS_VOKASI_UNAIR.pdf,
97,STIKes Pemkab Jombang,,Penyelenggaraan Kegiatan Pelatihan dan Peningkatan Kompetensi,315/SK-PT/STIKES-PEMKAB/JBG/VII/2025,,100.3.7.1/27573/102.9/2025,30 Juli 2025,29 Juli 2025,29 April 2025,Berjalan,e6ir4400oguj4b1i87ji3mm2gc@google.com,puket3.stikespemkab@gmail.com,belum ada scan PKS,
98,Fakultas Kedokteran Universitas Brawijaya ,RSUD Dr. Saiful Anwar,"Pendidikan, Pelayanan, Penelitian dan Pengabdian Masyarakat Rumah Sakit Jejaring",4697.5/UN10.f08/ks/2023,,100.3.7.1/20413/102.9/2024,1 Agustus 2023,31 Juli 2028,30 April 2028,Berjalan,7miu3c2k662jar1gc2ss9i8u94@google.com,"sekr.fk@ub.ac.id
staf-rsu-drsaifulanwar@jatimprov.go.id",belum ada scan PKS,
99,Poltekkes Kemenkes Surabaya,,Praktik Mahasiswa Poltekkes Kemenkes Surabaya di RSUD dr. Soedono Provinsi Jawa Timur,HK.03.01/F.XVI/4103/2025,,100.3.7.1/33447/102.9/2025,6 September 2025,6 September 2028,6 Juni 2028,Berjalan,uvjcgorsucq8hvg3vm8et423u8@google.com,humas@poltekkesdepkes-sby.ac.id,https://apprssm.rssoedono.jatimprov.go.id/sipedas/assets/file_surat_kerjasama/12-09-2025-1751949556-Scan_PKS_Poltekkes_Surabaya_ttg_Praktik_mahasiswa.pdf,
100,Sekolah Tinggi Ilmu Kesehatan Bhakti Husada Mulia Madiun,,Penyelenggaraan Kegiatan Pelatihan dan Peningkatan Kompetensi,011/STIKES/BHM/MOU/IX/2025,,100.3.7.1/33621/102.9/2025,11 September 2025,10 September 2028,10 Juni 2028,Berjalan,nb8173u26sbjah67aqma8p1jsk@google.com,stikesbhm@gmail.com atau pmbstikesbhm@gmail.com,belum ada scan PKS,
101,Himpunan Perawat Endoskopi Gastrointestinal Indonesia,,Penyelenggaraan Kegiatan Palatihan dan Peningkatan Kompetensi,064/35.25/HIPEGI/X/2025,,100.3.7.1/34411/102.9/2025,22 September 2025,21 September 2028,21 Juni 2028,Berjalan,,hipegijawatimur.2015@gmail.com,,
102,DWP PPNI Jawa Timur,,"Penyelenggaraan Pendidikan, Pelatihan, Penelitian, Pengembangan dan Pengabdian Masyarakat Bidang Kesehatan",006/DWP.PPNI/MOU/K/X/2023,,800.3/38159/102.9/2023,25 Oktober 2023,25 Oktober 2028,25 Juli 2028,Berjalan,mnfs6f38h3847hsg1m30l9hv3k@google.com,tidak ada,https://apprssm.rssoedono.jatimprov.go.id/sipedas/assets/file_surat_kerjasama/25-10-2023-1700208165-Scan_PKS_DPW_PPNI_Jatim_ttg_Pelatihan_Bidang_Nakes_2023.pdf,
103,Fakultas Matematika dan Ilmu Pengetuan Alam Universitas Brawijaya,,"Kegiatan Pendidikan, Penelitian dan Pengabdian Kepada Masyarakat, serta Peningkatan Kualitas SDM",07863/UN10.F0901/B/KS/2025,,100.3.7/43760/102.9/2025,20 November 2025,20 November 2028,20 Agustus 2028,Berjalan,jfktogn1gbfaj7a1n82r8j6f8o@google.com,"bppmfmipaub@ub.ac.id
081335627243",belum ada scan PKS,
104,Universitas Muhammadiyah Ponorogo,,"Praktik Klinik Keperawatan, Kebidanan dan Fisioterapi",,,100.3.7.1/45766/102.9/2025,2 Desember 2025,2 Desember 2028,2 September 2028,Berjalan,1ifimtl6td99e911078i8q1o1g@google.com,"humas@umpo.ac.id , akademik@umpo.ac.id",belum ada scan PKS,
105,STIKES Mitra Husada Karanganyar,,"Praktik Lapangan, Penelitian, Pengabdian kepada masy dan Magang utk Mahasiswa dan Dosen",101.3/258/MOU/STIKes-MHK/XII/2025,,100.3.7.1/46821/102.9/2025,8 Desember 2025,8 Desember 2028,8 September 2028,Berjalan,6dfbedg2mebknr8hhf6d74o890@google.com,stikes.mitrahusada@gmail.com,belum ada scan PKS,
106,Program Studi Farmasi Diploma Tiga Universitas Katolik Widya Mandala Surabaya Kampus Kota Madiun,,Peningkatan Kompetensi Mahasiswa Prodi Farmasi Diploma Tiga ,288/WMM.03.02/Q/XII/2025,,100.3.7.1/46846/102.9/2025,8 Desember 2025,8 Desember 2028,8 September 2028,Berjalan,8cvmemr695vt9u1htssgbmd1r4@google.com,hod-osc-pharmdipl@ukwms.ac.id,belum ada scan PKS,
107,Fakultas  Biologi Universitas Gadjah Mada,,Program Magang Mahasiswa,1174/UN1/BI/KSA/HK.08.00/2026,,100.3.7.1/6206/102.9/2026,2 Januari 2026,1 Januari 2029,1 Oktober 2028,Berjalan,2ausbvg5560gsm35r7m3rnor2g@google.com,biologi-ugm@ugm.ac.id,belum ada scan PKS,
108,Fakultas Ilmu Keolahragaan dan Kesehatan Universitas Negeri Surabaya,,"Pelaksanaan Kegiatan Pendidikan, Penelitian, dan Pengabdian Masyarakat ",31450/UN38.6/KS.01/2026,,"100.3.7.1/481/102,9/2026",2 Januari 2026,2 Januari 2029,2 Oktober 2028,Berjalan,0f3eqc6najdooks4vk60upg384@google.com,fikk@unesa.ac.id,belum ada scan PKS,
109,STIKes Pemkab Jombang,,Praktik Klinik Mahasiswa ,18/SK_PT/STIKES-PEMKAB/JBG/I/2025,,100.3.7.1/50215/102.9/2025,8 Januari 2026,7 Januari 2029,7 Oktober 2028,Berjalan,mm080thiqt25fab4bopccddbto@google.com,stikes_pemkab@yahoo.com,belum ada scan PKS,
110,STIKES Karya Husada Kediri,,Praktik Klinik dan Praktik Profesi Mahasiswa Stikes Karya Husada Kediri di RSUD dr. Soedono Provinsi Jawa Timur,005.6/STIKES/KH/I/2025,,100.3.7.1/1040/102.9/2026,9 Januari 2026,9 Januari 2029,9 Oktober 2028,Berjalan,k4edm8sgmnql3to0q41m496464@google.com,admin@stikes-khkediri.ac.id,belum ada scan PKS,
111,Fakultas Ilmu Kesehatan Universitas Muhammadiyah Malang,,"Pelaksanaan Praktek Klinik, Praktek Profesi, Penelitian dan Pengabdian Masyarakat di RSUD dr. Soedono",E.5.c/1217/FIKES-UMM/X/2024,,100.3.7.1/36674/102.9/2024,3 Oktober 2024,2 Oktober 2029,2 Juli 2029,Berjalan,mgpciq5tl86h6u1rgpkelvqfss@google.com,fikes@umm.ac.id,belum ada scan PKS,
112,Fakultas Kesehatan Masyarakat Universitas Airlangga,,Tri Dharma Perguruan Tinggi,9956/TB/UN3.FKM/HK.07.00/2024,,100.3.7.1/36668/102.9/2024,3 Oktober 2024,2 Oktober 2029,2 Juli 2029,Berjalan,rhi8dv780rs5tg5m7efnc44c88@google.com,adm@pkip.unair.ac.id,belum ada scan PKS,
113,PPNI Kota Madiun,,Penyelenggaraan Kegiatan Pelatihan dan Peningkatan Kompetensi,001/DPD.PPNI/MOU/I/2026,,100.3.7.1/1230/102.9/2026,7 Januari 2026,31 Desember 2029,30 September 2029,Berjalan,a1mnikcj4oo1h99glscem4lu90@google.com,ppnikotamadiun@gmail.com,https://apprssm.rssoedono.jatimprov.go.id/sipedas/assets/file_surat_kerjasama/12-01-2026-1773109458-Scan_PKS_dengan_PPNI_kota_Madiun_ttg_Penyelenggaraan_Pelatihan.pdf,
114,Himpunan Perawat Kamar Bedah indonesia Provinsi Jawa Timur,,Penyelenggaraan Kegiatan Pelatihan dan Peningkatan Kompetensi,001/PW.HIPKABI/MOU/I/2025,,100.3.7.1/46098/102.9/2025,7 Desember 2026,31 Desember 2029,30 September 2029,Berjalan,m0q388191qffldtvqaj6q6ahns@google.com,pwhipkabijatim@gmail.com,belum ada scan PKS,
115,PT Telkom Indonesia (Persero) Tbk,,Addendum Layanan Service Indihome Internet,K.TEL1950/HK.810/R5W-5E1H0000/2023,,,Selamanya,Selamanya,Selamanya,Berjalan,g89l3v1f8r7j3jngoo70c86v2k@google.com,investor@telkom.co.id,belum ada scan PKS,
116,RSUD Haji Surabaya Provinsi Jawa Timur,,Nota Kesepahaman Replikasi Pembangunan Zona Integritas (ZI) Menuju WBK/WBBM,445/291/102.10/2023,,"445/13,096/102,9/2023",,Sampai Unit Kerja meraih predikat Wilayah Bebas dari Korupsi,Sampai Unit Kerja meraih predikat Wilayah Bebas dari Korupsi,Berjalan,rvblr14gifc9ncdcl8lei1f8h8@google.com,rshaji@jatimprov.go.id,belum ada scan PKS,
117,Biro Keuangan Sekretariat Jenderal DPR RI,,Nota Kesepahaman Replikasi Pembangunan Zona Integritas (ZI) Menuju WBK/WBBM,100.3.7.1/24957/102.9/2024,,B/14024/HK.06/9/2025,,Sampai Unit Kerja meraih predikat Wilayah Bebas dari Korupsi,Sampai Unit Kerja meraih predikat Wilayah Bebas dari Korupsi,Berjalan,e4g26ef9mm1q192enndg3rvcjo@google.com,openparliament@dpr.go.id,https://apprssm.rssoedono.jatimprov.go.id/sipedas/assets/file_surat_kerjasama/17-07-2024-1723608319-MoU_Replikasi_ZI_Biro_Keuangan_Setjen_DPR_RI.pdf,
118,RSUD Dungus,,Nota Kesepahaman Replikasi Pembangunan Zona Integritas (ZI) Menuju WBK/WBBM,100.3.7.1/12275/102.9/2024,,100.3.7.1/290/102.18/2024,,Sampai Unit Kerja meraih predikat Wilayah Bebas dari Korupsi,Sampai Unit Kerja meraih predikat Wilayah Bebas dari Korupsi,Berjalan,qlfsbfc2i1gtft2esc8jkgcjs4@google.com,rsuddungus.pemprov.jatim@gmail.com,belum ada scan PKS,
119,RSUD Kota Madiun,,Nota Kesepahaman Replikasi Pembangunan Zona Integritas (ZI) Menuju WBK/WBBM,100.3.7.1/12274/102.9/2024,,445/105/401.103.8/2024,,Sampai Unit Kerja meraih predikat Wilayah Bebas dari Korupsi,Sampai Unit Kerja meraih predikat Wilayah Bebas dari Korupsi,Berjalan,1n21l317ug0ocprfip8t77el10@google.com,rsudkotamadiun@gmail.com,https://apprssm.rssoedono.jatimprov.go.id/sipedas/assets/file_surat_kerjasama/01-04-2024-1722565637-Scan_PKS_dengan_RSUD_Kota_Madiun_ttg_Replikasi_ZI.pdf,
120,UPT Cabang Dinas Kelautan dan Perikanan Kabupaten Tuban,,Nota Kesepahaman Replikasi Pembangunan Zona Integritas (ZI) Menuju WBK/WBBM,"100.3.7.1/26727/102,9/2024",,000.8.6/2081/120.6.3/2024,,Sampai Unit Kerja meraih predikat Wilayah Bebas dari Korupsi,Sampai Unit Kerja meraih predikat Wilayah Bebas dari Korupsi,Berjalan,q2s68mvrae9l19i1n9oge2c2tg@google.com,cabdinkp_tuban@jatimprov.go.id,belum ada scan PKS,
121,RSUD Sumberglagah,,Nota Kesepahaman Replikasi Pembangunan Zona Integritas (ZI) Menuju WBK/WBBM,100.3.7.1/31407/102.9/2024,,100.3.7.1/2150/102.15/2024,,Sampai Unit Kerja meraih predikat Wilayah Bebas dari Korupsi,Sampai Unit Kerja meraih predikat Wilayah Bebas dari Korupsi,Berjalan,qeodqgdrut3e21qimadhemt44s@google.com,rsudsumberglagah@jatimprov.go.id,belum ada scan PKS,
122,UPT Pelabuhan Perikanan Pantai Bulu Tuban,,Nota Kesepahaman Replikasi Pembangunan Zona Integritas (ZI) Menuju WBK/WBBM,,,100.3.7.1/26760/102.9/2024,,Sampai Unit Kerja meraih predikat Wilayah Bebas dari Korupsi,Sampai Unit Kerja meraih predikat Wilayah Bebas dari Korupsi,Berjalan,ntkq5b4i42cics2v5ac6608sm4@google.com,ppp_bulu@jatimprov.go.id (cc:) humaspppbulu@gmail.com,https://apprssm.rssoedono.jatimprov.go.id/sipedas/assets/file_surat_kerjasama/26-07-2024-1723608510-MoU_Replikasi_ZI_UPT_Pelabuhan_Perikanan_Pantai_Bulu_Tuban.pdf,
123,Satuan Polisi Pamong Praja Provinsi Jawa Timur,,Nota Kesepahaman Replikasi Pembangunan Zona Integritas (ZI) Menuju WBK/WBBM,,,100.3.7.1/5619/102.9/2024,,Sampai Unit Kerja meraih predikat Wilayah Bebas dari Korupsi,Sampai Unit Kerja meraih predikat Wilayah Bebas dari Korupsi,Berjalan,1r22jkk8us5n9d56qev40pllps@google.com,tidak ada,belum ada scan PKS,
124,RSUD Wonosari,Fakultas Kedokteran Universitas Islam Indonesia,Keputusan Bersama tentang Pencegahan dan Penanganan Perundungan terhadap Dokter Muda Fakultas Kedokteran Universitas Islam Indonesia di RSUD Wonosari,111.A/KPTS/2023,,100.3.7.1/923/102.10/2024,,Selamanya,Selamanya,Berjalan,hotchm26p877cd7lhcgbkbg6i0@google.com,"rsudwonosari06@gmail.com
fk@uii.ac.id",belum ada scan PKS,
125,RSUD Haji Prov Jatim,,Penyelenggaraan Pelatihan Perawat Penanggung Jawab Asuhan (PPJA) bagi Praktisi Kesehatan di Fasilitas Pelayanan Kesehatan P,100.3.7.1/26.265/102.9/2024,,100.3.7.1/40783/102.9/2023,24 Juli 2024,Hingga terbitnya sertifikat pelatihan,Hingga terbitnya sertifikat pelatihan,Berjalan,n70kc0t5v6ssi6rcqupmhbgqo4@google.com,tidak ada,belum ada scan PKS,
126,RSUD Haji Prov Jatim,,Penyelenggaraan Pelatihan Basic Trauma Cardiac Life Support (BTCLS) bagi Praktisi Kesehatan di Fasilitas Pelayanan Kesehatan,100.3.7.1/19683/102.9/2024,,100.3.7.1/721/102.10/2024,3 Juni 2024,Hingga terbitnya sertifikat pelatihan,Hingga terbitnya sertifikat pelatihan,Berjalan,19a0oqagj7mfi4rt08rahbrr8s@google.com,tidak ada,belum ada scan PKS,
127,Balai Monitor Spektrum Frekuensi Radio Kelas I Surabaya,,Pemanfaatan Lahan dan /atau Ruangan untuk Penempatan dan Pengoperasian Sistem Monitoring Frekuensi Radio Direktorat Jenderal Sumber Daya dan Perangkat Pos dan Informatika Balai Monitor Spektrum Frekuensi Radio Kelas I Surabaya,09.SLS.04/PPPK/BALMON.35/KU.02.06/01/2026,,100.3.7.1/146/102.9/2026,1 Januari 2026,31 Desember 2026,30 September 2026,Berjalan,f1v4dm6imrfd586rbnu5ce8mo0@google.com,upt_surabaya@postel.go.id,belum ada scan PKS,
128,PT. Bank Pembangunan Daerah Jatim Cabang Madiun,,Sewa Lokasi untuk Ruang ATM di lingkungan RSUD dr. Soedono Provinsi Jawa Timur,064/174/MDN/UM/MOU,,100.3.7.1/15795/102.9/2025,1 April 2025,01 April 2028,1 Januari 2028,Berjalan,1ql5u9h99bc4snkqsp2fkqms7s@google.com,tidak ada,belum ada scan PKS,
129,Dharma Wanita Persatuan RSSM,,Pemakaian Lahan di Lingkungan RSUD dr. Soedono Provinsi Jawa Timur,016/DWP-RSSM/V/2025,,100.3.7.1/16358/102.9/2025,1 April 2025,31 Maret 2028,31 Desember 2027,Berjalan,jtoj9vk2svnntjkrrd8209ti3s@google.com,tidak ada,belum ada scan PKS,
130,PT Grab Teknologi Indonesia,,Pemakaian Lahan di Lingkungan RSUD dr. Soedono Provinsi Jawa Timur,GTI/PKS/2026-01/044,,100.3.7.1/44219/102.9/2025,1 Januari 2026,31 Desember 2027,30 September 2027,Berjalan,v915fqlb6uvlqrgusbdg2nbia4@google.com,anthony.suharjono@grabtaxi.com,https://apprssm.rssoedono.jatimprov.go.id/sipedas/assets/file_surat_kerjasama/23-12-2024-1739018252-Addendum_II_PKS_Sewa_DWP_RSSM.pdf,
131,PT. Bank Pembangunan Daerah Jatim Cabang Madiun,,"Sewa Menyewa Tanah dan Bangunan untuk Keperluan Kantor 
Kas Bank Jatim di RSUD dr. Soedono Madiun",060/         /UM/MDN/MOU,,445/6.241/303/2021,1 Januari 2021,31 Desember 2025,30 September 2025,Proses Oleh TU,hb57v5fcnpiefoohus3jvon9uo@google.com,tidak ada,,
132,PT Grab Teknologi Indonesia,,Perjanjian Kerahasiaan,,,,18 Januari 2024,17 Januari 2026,17 Oktober 2025,Perlu Proses Perpanjangan,dvmenltn5p6s1118r64bhvglj0@google.com,tidak ada,,
133,PT Swakarya Sinar Sejahtera,,Pengelolaan Parkir di Lingkungan Instalasi Merpati RSUD dr. Soedono Provinsi Jawa Timur,002-SSS/PKS.06/III/2023,,"445/10,544/102,9/2023",1 Maret 2023,28 Februari 2026,28 November 2025,Berjalan,pahi1ds2h2adaojcto78q7gnjo@google.com,tidak ada,https://apprssm.rssoedono.jatimprov.go.id/sipedas/assets/file_surat_kerjasama/27-02-2023-1680231612-PKS_Parkir_Merpati_2023.pdf,
134,PT Swakarya Sinar Sejahtera,,Pengelolaan Parkir di Lingkungan RSUD dr. Soedono Provinsi Jawa Timur (Parkir Irja),SSS/01-MOU/09/2022,,"445/61,481/102,9/2022",1 November 2022,31 Oktober 2026,31 Juli 2026,Berjalan,cljsklhbhk34nvqkcb1qnlje58@google.com,tidak ada,https://apprssm.rssoedono.jatimprov.go.id/sipedas/assets/file_surat_kerjasama/01-11-2022-1673857219-PKS_Parkir_Irja_PT_Swakarya_Sinar_Sejahtera.pdf,
135,PT Swakarya Sinar Sejahtera,,Addendum Pengelolaan Parkir di Lingkungan RSUD dr. Soedono Provinsi Jawa Timur ,,,100.3.7.1/29903/102.9/2024,1 Oktober 2024,31 Oktober 2026,31 Juli 2026,Berjalan,j7fgpn1akhlqv8g8fu31mcik00@google.com,tidak ada,https://apprssm.rssoedono.jatimprov.go.id/sipedas/assets/file_surat_kerjasama/01-11-2022-1673857219-PKS_Parkir_Irja_PT_Swakarya_Sinar_Sejahtera.pdf,
136,Komisi Akreditasi Rumah Sakit,,Pelaksanaan Survey Akreditasi Rumah Sakit KARS,1113/Survei-KARS/XI/2022,,445/62.655/102.9/2022,5 November 2022,04 November 2026,4 Agustus 2026,Berjalan,crlbrefndmqrul6r67v30cmqto@google.com,info@kars.or.id,belum ada scan PKS,
137,KPRI Husada Sejahtera,,Pemakaian Lahan di Lingkungan RSUD dr. Soedono Provinsi Jawa Timur,401.c/80/13.06.40  /2025,,100.3.7.1/17742/102.9/2025,1 Juni 2025,31 Mei 2027,28 Februari 2027,Berjalan,p68co9lpfke89s9darrhnnl618@google.com,tidak ada,https://apprssm.rssoedono.jatimprov.go.id/sipedas/assets/file_surat_kerjasama/19-05-2025-1751335852-scan_PKS_Sewa_Lahan_dengan_KPRI_Husada_Sejahtera.pdf,
138,KPRI Husada Sejahtera,,Addendum,401.a/10/13.06.40  /2026,,100.3.7.1/4228/102.9/2026,1 Februari 2026,31 Mei 2027,28 Februari 2027,Berjalan,ug7mtklksbkf96iff0ug8cm2jo@google.com,tidak ada,https://apprssm.rssoedono.jatimprov.go.id/sipedas/assets/file_surat_kerjasama/19-05-2025-1751335852-scan_PKS_Sewa_Lahan_dengan_KPRI_Husada_Sejahtera.pdf,
139,PT Alat Bantu Dengar Indonesia,,Pelayanan Pengadaan dan Perawatan Alat Bantu Dengar,014/PKS/ABDI-RSUDSM/VII/2024,,100.3.7.1/24618/102.9/2024,1 November 2024,31 Oktober 2027,31 Juli 2027,Berjalan,8e6on1cjdq6f1csn1tcschcqe8@google.com,tidak ada,belum ada scan PKS,
140,"KPRI ""Husada Sejahtera""",,Layanan Pengantaran Obat,401.a/71/3.06.40/2025,,100.3.7.1/12825/102.9/2025,1 April 2025,31 Maret 2028,31 Desember 2027,Berjalan,nffhb4or0retloher14hmvvm8o@google.com,tidak ada,belum ada scan PKS,
141,"KPRI ""Husada Sejahtera""",,Addendum Layanan Pengantaran Obat,401.a/20/13.06.40/2026,,100.3.7.1/7981/102.9/2026,1 Maret 2026,31 Maret 2028,31 Desember 2027,Berjalan,,tidak ada,,
142,"KPRI ""Husada Sejahtera""",,Pengelolaan Ambulans Jenazah di RSUD dr. Soedono Provinsi Jawa Timur,445/8.370/303/2020,,401.a/141/13.06.40/2025,10 Oktober 2025,9 Oktober 2028,9 Juli 2028,Berjalan,r2fgalha72dlunhh371mdn3i9c@google.com,tidak ada,belum ada scan PKS,
143,"KPRI ""Husada Sejahtera""",,Penggunaan Lahan Parkir Ambulans (Jenazah dan Pasien) di Lingkungan RSUD dr. Soedono Provinsi Jawa Timur ,401.a/06/13.06.40/2026,,100.3.7.1/904/102.9/2026,1 Februari 2026,31 Januari 2029,31 Oktober 2028,Berjalan,fpqtn00pdgns6gov4lj75hdg4k@google.com,tidak ada,https://apprssm.rssoedono.jatimprov.go.id/sipedas/assets/file_surat_kerjasama/22-03-2024-1718938472-Scan_Addendum_PKS_KPRI_Ambulans_Jenazah-1.pdf,
144,FK UII,RS Bhayangkara Polda DIY,RS Bhayangkara Polda DIY sebagai RS afiliasi FK UII,    /Dek/01/Div.Um/VIII/2022,KS/           /VII/2022/RumkitBHY,445/            /102.9/2022,29 Juli 2022,28 Juli 2022,28 April 2022,Perlu Proses Perpanjangan,htn1010jj4imav64sgjnku9t8c@google.com,fk@uii.ac.id,rumkitdiy@gmail.com,
145,Kepolisian Resort Madiun Kota,PT Jasa Raharja,Penanganan korban Kecelakaan Lalu Lintas melalui Aplikasi “TACS” (Traffic Accident Claim System),B/14/X/2020,,445/57/401.300/2020,5 Oktober 2020,04 Oktober 2022,4 Juli 2022,Perlu Proses Perpanjangan,f3i9pij7ov69kjf9pdv1o19vqs@google.com,tidak ada,,
146,RSAL Dr. Ramelan Surabaya,,Rumah Sakit Jejaring Pendidikan,"1692/XII/2019
B/1225/UHT.130.03/XII/2019",,445/38.780/303/2019,3 Desember 2019,02 Desember 2022,2 September 2022,Tidak Diperpanjang,jqhj8tt7df1n47i7qj74dmr8bc@google.com,tidak ada,,
147,Badan Kepegawaian dan Pengembangan Sumber Daya Manusia Pemerintah Kota Madiun,BKPSDM Kota Madiun,Penyelenggaraan Magang Krja / On The Job Training (OJT) Aparatur Sipil Negara Di Lingkungan Pemerintah Kota Madiun Tahun Anggaran 2024,"800/306/401,201/2024",,100.3.7.1/7.990/102.9/2024,5 Maret 2024,31/12/2024,30 September 2024,Tidak Diperpanjang,v2qanqdkr8ikneiptanl5cnunc@google.com,madiunkota.bkd@gmail.com,"bkpsdm@madiunkota.go.id
",